customer_id,customer_name,email,city,created_at
1,Customer_1,customer1@gmail.com,Chennai,2026-01-01
2,Customer_2,customer2@gmail.com,Mumbai,2026-01-01
3,Customer_3,customer3@gmail.com,Mumbai,2026-01-01
4,Customer_4,customer4@gmail.com,Chennai,2026-01-01
5,Customer_5,customer5@gmail.com,Delhi,2026-01-01
6,Customer_6,customer6@gmail.com,Pune,2026-01-01
7,Customer_7,customer7@gmail.com,Pune,2026-01-01
8,Customer_8,customer8@gmail.com,Pune,2026-01-01
9,Customer_9,customer9@gmail.com,Chennai,2026-01-01
10,Customer_10,customer10@gmail.com,Mumbai,2026-01-01
11,Customer_11,customer11@gmail.com,Chennai,2026-01-01
12,Customer_12,customer12@gmail.com,Chennai,2026-01-01
13,Customer_13,customer13@gmail.com,Hyderabad,2026-01-01
14,Customer_14,customer14@gmail.com,Mumbai,2026-01-01
15,Customer_15,customer15@gmail.com,Hyderabad,2026-01-01
16,Customer_16,customer16@gmail.com,Bengaluru,2026-01-01
17,Customer_17,customer17@gmail.com,Mumbai,2026-01-01
18,Customer_18,customer18@gmail.com,Mumbai,2026-01-01
19,Customer_19,customer19@gmail.com,Mumbai,2026-01-01
20,Customer_20,customer20@gmail.com,Pune,2026-01-01
21,Customer_21,customer21@gmail.com,Pune,2026-01-01
22,Customer_22,customer22@gmail.com,Hyderabad,2026-01-01
23,Customer_23,customer23@gmail.com,Hyderabad,2026-01-01
24,Customer_24,customer24@gmail.com,Mumbai,2026-01-01
25,Customer_25,customer25@gmail.com,Hyderabad,2026-01-01
26,Customer_26,customer26@gmail.com,Pune,2026-01-01
27,Customer_27,customer27@gmail.com,Chennai,2026-01-01
28,Customer_28,customer28@gmail.com,Chennai,2026-01-01
29,Customer_29,customer29@gmail.com,Chennai,2026-01-01
30,Customer_30,customer30@gmail.com,Hyderabad,2026-01-01
31,Customer_31,customer31@gmail.com,Bengaluru,2026-01-01
32,Customer_32,customer32@gmail.com,Pune,2026-01-01
33,Customer_33,customer33@gmail.com,Bengaluru,2026-01-01
34,Customer_34,customer34@gmail.com,Hyderabad,2026-01-01
35,Customer_35,customer35@gmail.com,Delhi,2026-01-01
36,Customer_36,customer36@gmail.com,Nashik,2026-01-01
37,Customer_37,customer37@gmail.com,Nashik,2026-01-01
38,Customer_38,customer38@gmail.com,Mumbai,2026-01-01
39,Customer_39,customer39@gmail.com,Nashik,2026-01-01
40,Customer_40,customer40@gmail.com,Nashik,2026-01-01
41,Customer_41,customer41@gmail.com,Pune,2026-01-01
42,Customer_42,customer42@gmail.com,Chennai,2026-01-01
43,Customer_43,customer43@gmail.com,Bengaluru,2026-01-01
44,Customer_44,customer44@gmail.com,Delhi,2026-01-01
45,Customer_45,customer45@gmail.com,Delhi,2026-01-01
46,Customer_46,customer46@gmail.com,Pune,2026-01-01
47,Customer_47,customer47@gmail.com,Pune,2026-01-01
48,Customer_48,customer48@gmail.com,Nashik,2026-01-01
49,Customer_49,customer49@gmail.com,Delhi,2026-01-01
50,Customer_50,customer50@gmail.com,Mumbai,2026-01-01
51,Customer_51,customer51@gmail.com,Mumbai,2026-01-01
52,Customer_52,customer52@gmail.com,Bengaluru,2026-01-01
53,Customer_53,customer53@gmail.com,Mumbai,2026-01-01
54,Customer_54,customer54@gmail.com,Delhi,2026-01-01
55,Customer_55,customer55@gmail.com,Nashik,2026-01-01
56,Customer_56,customer56@gmail.com,Delhi,2026-01-01
57,Customer_57,customer57@gmail.com,Hyderabad,2026-01-01
58,Customer_58,customer58@gmail.com,Delhi,2026-01-01
59,Customer_59,customer59@gmail.com,Nashik,2026-01-01
60,Customer_60,customer60@gmail.com,Mumbai,2026-01-01
61,Customer_61,customer61@gmail.com,Chennai,2026-01-01
62,Customer_62,customer62@gmail.com,Bengaluru,2026-01-01
63,Customer_63,customer63@gmail.com,Hyderabad,2026-01-01
64,Customer_64,customer64@gmail.com,Mumbai,2026-01-01
65,Customer_65,customer65@gmail.com,Bengaluru,2026-01-01
66,Customer_66,customer66@gmail.com,Mumbai,2026-01-01
67,Customer_67,customer67@gmail.com,Hyderabad,2026-01-01
68,Customer_68,customer68@gmail.com,Delhi,2026-01-01
69,Customer_69,customer69@gmail.com,Nashik,2026-01-01
70,Customer_70,customer70@gmail.com,Chennai,2026-01-01
71,Customer_71,customer71@gmail.com,Hyderabad,2026-01-01
72,Customer_72,customer72@gmail.com,Nashik,2026-01-01
73,Customer_73,customer73@gmail.com,Delhi,2026-01-01
74,Customer_74,customer74@gmail.com,Hyderabad,2026-01-01
75,Customer_75,customer75@gmail.com,Pune,2026-01-01
76,Customer_76,customer76@gmail.com,Chennai,2026-01-01
77,Customer_77,customer77@gmail.com,Mumbai,2026-01-01
78,Customer_78,customer78@gmail.com,Mumbai,2026-01-01
79,Customer_79,customer79@gmail.com,Chennai,2026-01-01
80,Customer_80,customer80@gmail.com,Pune,2026-01-01
81,Customer_81,customer81@gmail.com,Nashik,2026-01-01
82,Customer_82,customer82@gmail.com,Delhi,2026-01-01
83,Customer_83,customer83@gmail.com,Mumbai,2026-01-01
84,Customer_84,customer84@gmail.com,Nashik,2026-01-01
85,Customer_85,customer85@gmail.com,Pune,2026-01-01
86,Customer_86,customer86@gmail.com,Nashik,2026-01-01
87,Customer_87,customer87@gmail.com,Mumbai,2026-01-01
88,Customer_88,customer88@gmail.com,Bengaluru,2026-01-01
89,Customer_89,customer89@gmail.com,Delhi,2026-01-01
90,Customer_90,customer90@gmail.com,Bengaluru,2026-01-01
91,Customer_91,customer91@gmail.com,Chennai,2026-01-01
92,Customer_92,customer92@gmail.com,Nashik,2026-01-01
93,Customer_93,customer93@gmail.com,Delhi,2026-01-01
94,Customer_94,customer94@gmail.com,Pune,2026-01-01
95,Customer_95,customer95@gmail.com,Delhi,2026-01-01
96,Customer_96,customer96@gmail.com,Delhi,2026-01-01
97,Customer_97,customer97gmail.com,Pune,2026-01-01
98,Customer_98,customer98@gmail.com,Chennai,2026-01-01
99,Customer_99,customer99@gmail.com,Delhi,2026-01-01
100,Customer_100,customer100@gmail.com,Chennai,2026-01-01
101,Customer_101,customer101@gmail.com,Chennai,2026-01-01
102,Customer_102,customer102@gmail.com,Chennai,2026-01-01
103,Customer_103,customer103@gmail.com,Mumbai,2026-01-01
104,Customer_104,customer104@gmail.com,Hyderabad,2026-01-01
105,Customer_105,customer105@gmail.com,Chennai,2026-01-01
106,Customer_106,customer106@gmail.com,Pune,2026-01-01
107,Customer_107,customer107@gmail.com,Hyderabad,2026-01-01
108,Customer_108,customer108@gmail.com,Chennai,2026-01-01
109,Customer_109,customer109@gmail.com,Pune,2026-01-01
110,Customer_110,customer110@gmail.com,Pune,2026-01-01
111,Customer_111,customer111@gmail.com,Bengaluru,2026-01-01
112,Customer_112,customer112@gmail.com,Bengaluru,2026-01-01
113,Customer_113,customer113@gmail.com,Delhi,2026-01-01
114,Customer_114,customer114@gmail.com,Chennai,2026-01-01
115,Customer_115,customer115@gmail.com,Chennai,2026-01-01
116,Customer_116,customer116@gmail.com,Hyderabad,2026-01-01
117,Customer_117,customer117@gmail.com,Pune,2026-01-01
118,Customer_118,customer118@gmail.com,Chennai,2026-01-01
119,Customer_119,customer119@gmail.com,Delhi,2026-01-01
120,Customer_120,customer120@gmail.com,Nashik,2026-01-01
121,Customer_121,customer121@gmail.com,Nashik,2026-01-01
122,Customer_122,customer122@gmail.com,Nashik,2026-01-01
123,Customer_123,customer123@gmail.com,Mumbai,2026-01-01
124,Customer_124,customer124@gmail.com,Pune,2026-01-01
125,Customer_125,customer125@gmail.com,Nashik,2026-01-01
126,Customer_126,customer126@gmail.com,Mumbai,2026-01-01
127,Customer_127,customer127@gmail.com,Nashik,2026-01-01
128,Customer_128,customer128@gmail.com,Delhi,2026-01-01
129,Customer_129,customer129@gmail.com,Bengaluru,2026-01-01
130,Customer_130,customer130@gmail.com,Delhi,2026-01-01
131,Customer_131,customer131@gmail.com,Mumbai,2026-01-01
132,Customer_132,customer132@gmail.com,Pune,2026-01-01
133,Customer_133,customer133@gmail.com,Hyderabad,2026-01-01
134,Customer_134,customer134@gmail.com,Chennai,2026-01-01
135,Customer_135,customer135@gmail.com,Delhi,2026-01-01
136,Customer_136,customer136@gmail.com,Pune,2026-01-01
137,Customer_137,customer137@gmail.com,Chennai,2026-01-01
138,Customer_138,customer138@gmail.com,Bengaluru,2026-01-01
139,Customer_139,customer139@gmail.com,Bengaluru,2026-01-01
140,Customer_140,customer140@gmail.com,Chennai,2026-01-01
141,Customer_141,customer141@gmail.com,Bengaluru,2026-01-01
142,Customer_142,customer142@gmail.com,Pune,2026-01-01
143,Customer_143,customer143@gmail.com,Delhi,2026-01-01
144,Customer_144,customer144@gmail.com,Pune,2026-01-01
145,Customer_145,customer145@gmail.com,Pune,2026-01-01
146,Customer_146,customer146@gmail.com,Chennai,2026-01-01
147,Customer_147,customer147@gmail.com,Hyderabad,2026-01-01
148,Customer_148,customer148@gmail.com,Hyderabad,2026-01-01
149,Customer_149,customer149@gmail.com,Delhi,2026-01-01
150,Customer_150,customer150@gmail.com,Chennai,2026-01-01
151,Customer_151,customer151@gmail.com,Hyderabad,2026-01-01
152,Customer_152,customer152@gmail.com,Bengaluru,2026-01-01
153,Customer_153,customer153@gmail.com,Hyderabad,2026-01-01
154,Customer_154,customer154@gmail.com,Bengaluru,2026-01-01
155,Customer_155,customer155@gmail.com,Delhi,2026-01-01
156,Customer_156,customer156@gmail.com,Pune,2026-01-01
157,Customer_157,customer157@gmail.com,Pune,2026-01-01
158,Customer_158,customer158@gmail.com,Hyderabad,2026-01-01
159,Customer_159,customer159@gmail.com,Bengaluru,2026-01-01
160,Customer_160,customer160@gmail.com,Mumbai,2026-01-01
161,Customer_161,customer161@gmail.com,Nashik,2026-01-01
162,Customer_162,customer162@gmail.com,Mumbai,2026-01-01
163,Customer_163,customer163@gmail.com,Nashik,2026-01-01
164,Customer_164,customer164@gmail.com,Mumbai,2026-01-01
165,Customer_165,customer165@gmail.com,Pune,2026-01-01
166,Customer_166,customer166@gmail.com,Chennai,2026-01-01
167,Customer_167,customer167@gmail.com,Pune,2026-01-01
168,Customer_168,customer168@gmail.com,Nashik,2026-01-01
169,Customer_169,customer169@gmail.com,Chennai,2026-01-01
170,Customer_170,customer170@gmail.com,Bengaluru,2026-01-01
171,Customer_171,customer171@gmail.com,Hyderabad,2026-01-01
172,Customer_172,customer172@gmail.com,Mumbai,2026-01-01
173,Customer_173,customer173@gmail.com,Bengaluru,2026-01-01
174,Customer_174,customer174@gmail.com,Bengaluru,2026-01-01
175,Customer_175,customer175@gmail.com,Hyderabad,2026-01-01
176,Customer_176,customer176@gmail.com,Bengaluru,2026-01-01
177,Customer_177,customer177@gmail.com,Hyderabad,2026-01-01
178,Customer_178,customer178@gmail.com,Delhi,2026-01-01
179,Customer_179,customer179@gmail.com,Hyderabad,2026-01-01
180,Customer_180,customer180@gmail.com,Nashik,2026-01-01
181,Customer_181,customer181@gmail.com,Mumbai,2026-01-01
182,Customer_182,customer182@gmail.com,Chennai,2026-01-01
183,Customer_183,customer183@gmail.com,Chennai,2026-01-01
184,Customer_184,customer184@gmail.com,Mumbai,2026-01-01
185,Customer_185,customer185@gmail.com,Chennai,2026-01-01
186,Customer_186,customer186@gmail.com,Hyderabad,2026-01-01
187,Customer_187,customer187@gmail.com,Nashik,2026-01-01
188,Customer_188,customer188@gmail.com,Delhi,2026-01-01
189,Customer_189,customer189@gmail.com,Nashik,2026-01-01
190,Customer_190,customer190@gmail.com,Chennai,2026-01-01
191,Customer_191,customer191@gmail.com,Delhi,2026-01-01
192,Customer_192,customer192@gmail.com,Mumbai,2026-01-01
193,Customer_193,customer193@gmail.com,Delhi,2026-01-01
194,Customer_194,customer194gmail.com,Bengaluru,2026-01-01
195,Customer_195,customer195@gmail.com,Pune,2026-01-01
196,Customer_196,customer196@gmail.com,Bengaluru,2026-01-01
197,Customer_197,customer197@gmail.com,Mumbai,2026-01-01
198,Customer_198,customer198@gmail.com,Chennai,2026-01-01
199,Customer_199,customer199@gmail.com,Chennai,2026-01-01
200,Customer_200,customer200@gmail.com,Delhi,2026-01-01
201,Customer_201,customer201@gmail.com,Hyderabad,2026-01-01
202,Customer_202,customer202@gmail.com,Nashik,2026-01-01
203,Customer_203,customer203@gmail.com,Pune,2026-01-01
204,Customer_204,customer204@gmail.com,Hyderabad,2026-01-01
205,Customer_205,customer205@gmail.com,Mumbai,2026-01-01
206,Customer_206,customer206@gmail.com,Nashik,2026-01-01
207,Customer_207,customer207@gmail.com,Chennai,2026-01-01
208,Customer_208,customer208@gmail.com,Delhi,2026-01-01
209,Customer_209,customer209@gmail.com,Nashik,2026-01-01
210,Customer_210,customer210@gmail.com,Chennai,2026-01-01
211,Customer_211,customer211@gmail.com,Hyderabad,2026-01-01
212,Customer_212,customer212@gmail.com,Hyderabad,2026-01-01
213,Customer_213,customer213@gmail.com,Pune,2026-01-01
214,Customer_214,customer214@gmail.com,Pune,2026-01-01
215,Customer_215,customer215@gmail.com,Delhi,2026-01-01
216,Customer_216,customer216@gmail.com,Nashik,2026-01-01
217,Customer_217,customer217@gmail.com,Pune,2026-01-01
218,Customer_218,customer218@gmail.com,Hyderabad,2026-01-01
219,Customer_219,customer219@gmail.com,Nashik,2026-01-01
220,Customer_220,customer220@gmail.com,Hyderabad,2026-01-01
221,Customer_221,customer221@gmail.com,Mumbai,2026-01-01
222,Customer_222,customer222@gmail.com,Hyderabad,2026-01-01
223,Customer_223,customer223@gmail.com,Delhi,2026-01-01
224,Customer_224,customer224@gmail.com,Bengaluru,2026-01-01
225,Customer_225,customer225@gmail.com,Mumbai,2026-01-01
226,Customer_226,customer226@gmail.com,Mumbai,2026-01-01
227,Customer_227,customer227@gmail.com,Delhi,2026-01-01
228,Customer_228,customer228@gmail.com,Nashik,2026-01-01
229,Customer_229,customer229@gmail.com,Nashik,2026-01-01
230,Customer_230,customer230@gmail.com,Delhi,2026-01-01
231,Customer_231,customer231@gmail.com,Pune,2026-01-01
232,Customer_232,customer232@gmail.com,Mumbai,2026-01-01
233,Customer_233,customer233@gmail.com,Pune,2026-01-01
234,Customer_234,customer234@gmail.com,Hyderabad,2026-01-01
235,Customer_235,customer235@gmail.com,Mumbai,2026-01-01
236,Customer_236,customer236@gmail.com,Mumbai,2026-01-01
237,Customer_237,customer237@gmail.com,Chennai,2026-01-01
238,Customer_238,customer238@gmail.com,Bengaluru,2026-01-01
239,Customer_239,customer239@gmail.com,Nashik,2026-01-01
240,Customer_240,customer240@gmail.com,Mumbai,2026-01-01
241,Customer_241,customer241@gmail.com,Nashik,2026-01-01
242,Customer_242,customer242@gmail.com,Hyderabad,2026-01-01
243,Customer_243,customer243@gmail.com,Nashik,2026-01-01
244,Customer_244,customer244@gmail.com,Pune,2026-01-01
245,Customer_245,customer245@gmail.com,Pune,2026-01-01
246,Customer_246,customer246@gmail.com,Chennai,2026-01-01
247,Customer_247,customer247@gmail.com,Bengaluru,2026-01-01
248,Customer_248,customer248@gmail.com,Hyderabad,2026-01-01
249,Customer_249,customer249@gmail.com,Pune,2026-01-01
250,Customer_250,customer250@gmail.com,Delhi,2026-01-01
251,Customer_251,customer251@gmail.com,Hyderabad,2026-01-01
252,Customer_252,customer252@gmail.com,Nashik,2026-01-01
253,Customer_253,customer253@gmail.com,Hyderabad,2026-01-01
254,Customer_254,customer254@gmail.com,Bengaluru,2026-01-01
255,Customer_255,customer255@gmail.com,Pune,2026-01-01
256,Customer_256,customer256@gmail.com,Hyderabad,2026-01-01
257,Customer_257,customer257@gmail.com,Nashik,2026-01-01
258,Customer_258,customer258@gmail.com,Chennai,2026-01-01
259,Customer_259,customer259@gmail.com,Chennai,2026-01-01
260,Customer_260,customer260@gmail.com,Pune,2026-01-01
261,Customer_261,customer261@gmail.com,Chennai,2026-01-01
262,Customer_262,customer262@gmail.com,Delhi,2026-01-01
263,Customer_263,customer263@gmail.com,Bengaluru,2026-01-01
264,Customer_264,customer264@gmail.com,Chennai,2026-01-01
265,Customer_265,customer265@gmail.com,Chennai,2026-01-01
266,Customer_266,customer266@gmail.com,Delhi,2026-01-01
267,Customer_267,customer267@gmail.com,Bengaluru,2026-01-01
268,Customer_268,customer268@gmail.com,Hyderabad,2026-01-01
269,Customer_269,customer269@gmail.com,Bengaluru,2026-01-01
270,Customer_270,customer270@gmail.com,Mumbai,2026-01-01
271,Customer_271,customer271@gmail.com,Pune,2026-01-01
272,Customer_272,customer272@gmail.com,Pune,2026-01-01
273,Customer_273,customer273@gmail.com,Mumbai,2026-01-01
274,Customer_274,customer274@gmail.com,Delhi,2026-01-01
275,Customer_275,customer275@gmail.com,Mumbai,2026-01-01
276,Customer_276,customer276@gmail.com,Hyderabad,2026-01-01
277,Customer_277,customer277@gmail.com,Hyderabad,2026-01-01
278,Customer_278,customer278@gmail.com,Pune,2026-01-01
279,Customer_279,customer279@gmail.com,Hyderabad,2026-01-01
280,Customer_280,customer280@gmail.com,Pune,2026-01-01
281,Customer_281,customer281@gmail.com,Mumbai,2026-01-01
282,Customer_282,customer282@gmail.com,Mumbai,2026-01-01
283,Customer_283,customer283@gmail.com,Chennai,2026-01-01
284,Customer_284,customer284@gmail.com,Chennai,2026-01-01
285,Customer_285,customer285@gmail.com,Mumbai,2026-01-01
286,Customer_286,customer286@gmail.com,Pune,2026-01-01
287,Customer_287,customer287@gmail.com,Mumbai,2026-01-01
288,Customer_288,customer288@gmail.com,Mumbai,2026-01-01
289,Customer_289,customer289@gmail.com,Nashik,2026-01-01
290,Customer_290,customer290@gmail.com,Delhi,2026-01-01
291,Customer_291,customer291gmail.com,Mumbai,2026-01-01
292,Customer_292,customer292@gmail.com,Hyderabad,2026-01-01
293,Customer_293,customer293@gmail.com,Pune,2026-01-01
294,Customer_294,customer294@gmail.com,Delhi,2026-01-01
295,Customer_295,customer295@gmail.com,Chennai,2026-01-01
296,Customer_296,customer296@gmail.com,Bengaluru,2026-01-01
297,Customer_297,customer297@gmail.com,Pune,2026-01-01
298,Customer_298,customer298@gmail.com,Hyderabad,2026-01-01
299,Customer_299,customer299@gmail.com,Pune,2026-01-01
300,Customer_300,customer300@gmail.com,Chennai,2026-01-01
301,Customer_301,customer301@gmail.com,Hyderabad,2026-01-01
302,Customer_302,customer302@gmail.com,Hyderabad,2026-01-01
303,Customer_303,customer303@gmail.com,Bengaluru,2026-01-01
304,Customer_304,customer304@gmail.com,Pune,2026-01-01
305,Customer_305,customer305@gmail.com,Nashik,2026-01-01
306,Customer_306,customer306@gmail.com,Bengaluru,2026-01-01
307,Customer_307,customer307@gmail.com,Nashik,2026-01-01
308,Customer_308,customer308@gmail.com,Bengaluru,2026-01-01
309,Customer_309,customer309@gmail.com,Pune,2026-01-01
310,Customer_310,customer310@gmail.com,Mumbai,2026-01-01
311,Customer_311,customer311@gmail.com,Mumbai,2026-01-01
312,Customer_312,customer312@gmail.com,Chennai,2026-01-01
313,Customer_313,customer313@gmail.com,Bengaluru,2026-01-01
314,Customer_314,customer314@gmail.com,Delhi,2026-01-01
315,Customer_315,customer315@gmail.com,Bengaluru,2026-01-01
316,Customer_316,customer316@gmail.com,Bengaluru,2026-01-01
317,Customer_317,customer317@gmail.com,Bengaluru,2026-01-01
318,Customer_318,customer318@gmail.com,Nashik,2026-01-01
319,Customer_319,customer319@gmail.com,Chennai,2026-01-01
320,Customer_320,customer320@gmail.com,Mumbai,2026-01-01
321,Customer_321,customer321@gmail.com,Chennai,2026-01-01
322,Customer_322,customer322@gmail.com,Chennai,2026-01-01
323,Customer_323,customer323@gmail.com,Chennai,2026-01-01
324,Customer_324,customer324@gmail.com,Mumbai,2026-01-01
325,Customer_325,customer325@gmail.com,Mumbai,2026-01-01
326,Customer_326,customer326@gmail.com,Bengaluru,2026-01-01
327,Customer_327,customer327@gmail.com,Chennai,2026-01-01
328,Customer_328,customer328@gmail.com,Delhi,2026-01-01
329,Customer_329,customer329@gmail.com,Nashik,2026-01-01
330,Customer_330,customer330@gmail.com,Nashik,2026-01-01
331,Customer_331,customer331@gmail.com,Mumbai,2026-01-01
332,Customer_332,customer332@gmail.com,Pune,2026-01-01
333,Customer_333,customer333@gmail.com,Pune,2026-01-01
334,Customer_334,customer334@gmail.com,Pune,2026-01-01
335,Customer_335,customer335@gmail.com,Hyderabad,2026-01-01
336,Customer_336,customer336@gmail.com,Bengaluru,2026-01-01
337,Customer_337,customer337@gmail.com,Pune,2026-01-01
338,Customer_338,customer338@gmail.com,Bengaluru,2026-01-01
339,Customer_339,customer339@gmail.com,Pune,2026-01-01
340,Customer_340,customer340@gmail.com,Delhi,2026-01-01
341,Customer_341,customer341@gmail.com,Bengaluru,2026-01-01
342,Customer_342,customer342@gmail.com,Pune,2026-01-01
343,Customer_343,customer343@gmail.com,Nashik,2026-01-01
344,Customer_344,customer344@gmail.com,Mumbai,2026-01-01
345,Customer_345,customer345@gmail.com,Bengaluru,2026-01-01
346,Customer_346,customer346@gmail.com,Nashik,2026-01-01
347,Customer_347,customer347@gmail.com,Nashik,2026-01-01
348,Customer_348,customer348@gmail.com,Nashik,2026-01-01
349,Customer_349,customer349@gmail.com,Hyderabad,2026-01-01
350,Customer_350,customer350@gmail.com,Mumbai,2026-01-01
351,Customer_351,customer351@gmail.com,Mumbai,2026-01-01
352,Customer_352,customer352@gmail.com,Chennai,2026-01-01
353,Customer_353,customer353@gmail.com,Hyderabad,2026-01-01
354,Customer_354,customer354@gmail.com,Nashik,2026-01-01
355,Customer_355,customer355@gmail.com,Mumbai,2026-01-01
356,Customer_356,customer356@gmail.com,Mumbai,2026-01-01
357,Customer_357,customer357@gmail.com,Nashik,2026-01-01
358,Customer_358,customer358@gmail.com,Nashik,2026-01-01
359,Customer_359,customer359@gmail.com,Pune,2026-01-01
360,Customer_360,customer360@gmail.com,Pune,2026-01-01
361,Customer_361,customer361@gmail.com,Bengaluru,2026-01-01
362,Customer_362,customer362@gmail.com,Bengaluru,2026-01-01
363,Customer_363,customer363@gmail.com,Bengaluru,2026-01-01
364,Customer_364,customer364@gmail.com,Pune,2026-01-01
365,Customer_365,customer365@gmail.com,Nashik,2026-01-01
366,Customer_366,customer366@gmail.com,Bengaluru,2026-01-01
367,Customer_367,customer367@gmail.com,Mumbai,2026-01-01
368,Customer_368,customer368@gmail.com,Pune,2026-01-01
369,Customer_369,customer369@gmail.com,Bengaluru,2026-01-01
370,Customer_370,customer370@gmail.com,Mumbai,2026-01-01
371,Customer_371,customer371@gmail.com,Bengaluru,2026-01-01
372,Customer_372,customer372@gmail.com,Delhi,2026-01-01
373,Customer_373,customer373@gmail.com,Nashik,2026-01-01
374,Customer_374,customer374@gmail.com,Nashik,2026-01-01
375,Customer_375,customer375@gmail.com,Bengaluru,2026-01-01
376,Customer_376,customer376@gmail.com,Delhi,2026-01-01
377,Customer_377,customer377@gmail.com,Bengaluru,2026-01-01
378,Customer_378,customer378@gmail.com,Chennai,2026-01-01
379,Customer_379,customer379@gmail.com,Chennai,2026-01-01
380,Customer_380,customer380@gmail.com,Nashik,2026-01-01
381,Customer_381,customer381@gmail.com,Hyderabad,2026-01-01
382,Customer_382,customer382@gmail.com,Chennai,2026-01-01
383,Customer_383,customer383@gmail.com,Chennai,2026-01-01
384,Customer_384,customer384@gmail.com,Bengaluru,2026-01-01
385,Customer_385,customer385@gmail.com,Pune,2026-01-01
386,Customer_386,customer386@gmail.com,Pune,2026-01-01
387,Customer_387,customer387@gmail.com,Delhi,2026-01-01
388,Customer_388,customer388gmail.com,Pune,2026-01-01
389,Customer_389,customer389@gmail.com,Mumbai,2026-01-01
390,Customer_390,customer390@gmail.com,Hyderabad,2026-01-01
391,Customer_391,customer391@gmail.com,Chennai,2026-01-01
392,Customer_392,customer392@gmail.com,Hyderabad,2026-01-01
393,Customer_393,customer393@gmail.com,Mumbai,2026-01-01
394,Customer_394,customer394@gmail.com,Chennai,2026-01-01
395,Customer_395,customer395@gmail.com,Delhi,2026-01-01
396,Customer_396,customer396@gmail.com,Mumbai,2026-01-01
397,Customer_397,customer397@gmail.com,Mumbai,2026-01-01
398,Customer_398,customer398@gmail.com,Hyderabad,2026-01-01
399,Customer_399,customer399@gmail.com,Bengaluru,2026-01-01
400,Customer_400,customer400@gmail.com,Hyderabad,2026-01-01
401,Customer_401,customer401@gmail.com,Nashik,2026-01-01
402,Customer_402,customer402@gmail.com,Hyderabad,2026-01-01
403,Customer_403,customer403@gmail.com,Pune,2026-01-01
404,Customer_404,customer404@gmail.com,Mumbai,2026-01-01
405,Customer_405,customer405@gmail.com,Hyderabad,2026-01-01
406,Customer_406,customer406@gmail.com,Mumbai,2026-01-01
407,Customer_407,customer407@gmail.com,Nashik,2026-01-01
408,Customer_408,customer408@gmail.com,Pune,2026-01-01
409,Customer_409,customer409@gmail.com,Mumbai,2026-01-01
410,Customer_410,customer410@gmail.com,Hyderabad,2026-01-01
411,Customer_411,customer411@gmail.com,Mumbai,2026-01-01
412,Customer_412,customer412@gmail.com,Chennai,2026-01-01
413,Customer_413,customer413@gmail.com,Nashik,2026-01-01
414,Customer_414,customer414@gmail.com,Pune,2026-01-01
415,Customer_415,customer415@gmail.com,Bengaluru,2026-01-01
416,Customer_416,customer416@gmail.com,Mumbai,2026-01-01
417,Customer_417,customer417@gmail.com,Hyderabad,2026-01-01
418,Customer_418,customer418@gmail.com,Pune,2026-01-01
419,Customer_419,customer419@gmail.com,Hyderabad,2026-01-01
420,Customer_420,customer420@gmail.com,Hyderabad,2026-01-01
421,Customer_421,customer421@gmail.com,Mumbai,2026-01-01
422,Customer_422,customer422@gmail.com,Hyderabad,2026-01-01
423,Customer_423,customer423@gmail.com,Mumbai,2026-01-01
424,Customer_424,customer424@gmail.com,Bengaluru,2026-01-01
425,Customer_425,customer425@gmail.com,Chennai,2026-01-01
426,Customer_426,customer426@gmail.com,Hyderabad,2026-01-01
427,Customer_427,customer427@gmail.com,Hyderabad,2026-01-01
428,Customer_428,customer428@gmail.com,Hyderabad,2026-01-01
429,Customer_429,customer429@gmail.com,Delhi,2026-01-01
430,Customer_430,customer430@gmail.com,Delhi,2026-01-01
431,Customer_431,customer431@gmail.com,Pune,2026-01-01
432,Customer_432,customer432@gmail.com,Chennai,2026-01-01
433,Customer_433,customer433@gmail.com,Chennai,2026-01-01
434,Customer_434,customer434@gmail.com,Delhi,2026-01-01
435,Customer_435,customer435@gmail.com,Pune,2026-01-01
436,Customer_436,customer436@gmail.com,Delhi,2026-01-01
437,Customer_437,customer437@gmail.com,Bengaluru,2026-01-01
438,Customer_438,customer438@gmail.com,Pune,2026-01-01
439,Customer_439,customer439@gmail.com,Chennai,2026-01-01
440,Customer_440,customer440@gmail.com,Chennai,2026-01-01
441,Customer_441,customer441@gmail.com,Delhi,2026-01-01
442,Customer_442,customer442@gmail.com,Bengaluru,2026-01-01
443,Customer_443,customer443@gmail.com,Delhi,2026-01-01
444,Customer_444,customer444@gmail.com,Nashik,2026-01-01
445,Customer_445,customer445@gmail.com,Mumbai,2026-01-01
446,Customer_446,customer446@gmail.com,Mumbai,2026-01-01
447,Customer_447,customer447@gmail.com,Bengaluru,2026-01-01
448,Customer_448,customer448@gmail.com,Hyderabad,2026-01-01
449,Customer_449,customer449@gmail.com,Hyderabad,2026-01-01
450,Customer_450,customer450@gmail.com,Mumbai,2026-01-01
451,Customer_451,customer451@gmail.com,Mumbai,2026-01-01
452,Customer_452,customer452@gmail.com,Hyderabad,2026-01-01
453,Customer_453,customer453@gmail.com,Pune,2026-01-01
454,Customer_454,customer454@gmail.com,Hyderabad,2026-01-01
455,Customer_455,customer455@gmail.com,Delhi,2026-01-01
456,Customer_456,customer456@gmail.com,Pune,2026-01-01
457,Customer_457,customer457@gmail.com,Delhi,2026-01-01
458,Customer_458,customer458@gmail.com,Mumbai,2026-01-01
459,Customer_459,customer459@gmail.com,Pune,2026-01-01
460,Customer_460,customer460@gmail.com,Delhi,2026-01-01
461,Customer_461,customer461@gmail.com,Delhi,2026-01-01
462,Customer_462,customer462@gmail.com,Pune,2026-01-01
463,Customer_463,customer463@gmail.com,Bengaluru,2026-01-01
464,Customer_464,customer464@gmail.com,Nashik,2026-01-01
465,Customer_465,customer465@gmail.com,Hyderabad,2026-01-01
466,Customer_466,customer466@gmail.com,Chennai,2026-01-01
467,Customer_467,customer467@gmail.com,Delhi,2026-01-01
468,Customer_468,customer468@gmail.com,Hyderabad,2026-01-01
469,Customer_469,customer469@gmail.com,Nashik,2026-01-01
470,Customer_470,customer470@gmail.com,Chennai,2026-01-01
471,Customer_471,customer471@gmail.com,Hyderabad,2026-01-01
472,Customer_472,customer472@gmail.com,Mumbai,2026-01-01
473,Customer_473,customer473@gmail.com,Chennai,2026-01-01
474,Customer_474,customer474@gmail.com,Nashik,2026-01-01
475,Customer_475,customer475@gmail.com,Hyderabad,2026-01-01
476,Customer_476,customer476@gmail.com,Delhi,2026-01-01
477,Customer_477,customer477@gmail.com,Chennai,2026-01-01
478,Customer_478,customer478@gmail.com,Mumbai,2026-01-01
479,Customer_479,customer479@gmail.com,Pune,2026-01-01
480,Customer_480,customer480@gmail.com,Delhi,2026-01-01
481,Customer_481,customer481@gmail.com,Mumbai,2026-01-01
482,Customer_482,customer482@gmail.com,Mumbai,2026-01-01
483,Customer_483,customer483@gmail.com,Chennai,2026-01-01
484,Customer_484,customer484@gmail.com,Hyderabad,2026-01-01
485,Customer_485,customer485gmail.com,Pune,2026-01-01
486,Customer_486,customer486@gmail.com,Delhi,2026-01-01
487,Customer_487,customer487@gmail.com,Delhi,2026-01-01
488,Customer_488,customer488@gmail.com,Hyderabad,2026-01-01
489,Customer_489,customer489@gmail.com,Pune,2026-01-01
490,Customer_490,customer490@gmail.com,Chennai,2026-01-01
491,Customer_491,customer491@gmail.com,Delhi,2026-01-01
492,Customer_492,customer492@gmail.com,Pune,2026-01-01
493,Customer_493,customer493@gmail.com,Chennai,2026-01-01
494,Customer_494,customer494@gmail.com,Chennai,2026-01-01
495,Customer_495,customer495@gmail.com,Nashik,2026-01-01
496,Customer_496,customer496@gmail.com,Delhi,2026-01-01
497,Customer_497,customer497@gmail.com,Hyderabad,2026-01-01
498,Customer_498,customer498@gmail.com,Bengaluru,2026-01-01
499,Customer_499,customer499@gmail.com,Delhi,2026-01-01
500,Customer_500,customer500@gmail.com,Nashik,2026-01-01
501,Customer_501,customer501@gmail.com,Mumbai,2026-01-01
502,Customer_502,customer502@gmail.com,Mumbai,2026-01-01
503,Customer_503,customer503@gmail.com,Chennai,2026-01-01
504,Customer_504,customer504@gmail.com,Bengaluru,2026-01-01
505,Customer_505,customer505@gmail.com,Nashik,2026-01-01
506,Customer_506,customer506@gmail.com,Delhi,2026-01-01
507,Customer_507,customer507@gmail.com,Mumbai,2026-01-01
508,Customer_508,customer508@gmail.com,Mumbai,2026-01-01
509,Customer_509,customer509@gmail.com,Delhi,2026-01-01
510,Customer_510,customer510@gmail.com,Nashik,2026-01-01
511,Customer_511,customer511@gmail.com,Pune,2026-01-01
512,Customer_512,customer512@gmail.com,Chennai,2026-01-01
513,Customer_513,customer513@gmail.com,Delhi,2026-01-01
514,Customer_514,customer514@gmail.com,Pune,2026-01-01
515,Customer_515,customer515@gmail.com,Chennai,2026-01-01
516,Customer_516,customer516@gmail.com,Bengaluru,2026-01-01
517,Customer_517,customer517@gmail.com,Hyderabad,2026-01-01
518,Customer_518,customer518@gmail.com,Chennai,2026-01-01
519,Customer_519,customer519@gmail.com,Bengaluru,2026-01-01
520,Customer_520,customer520@gmail.com,Hyderabad,2026-01-01
521,Customer_521,customer521@gmail.com,Mumbai,2026-01-01
522,Customer_522,customer522@gmail.com,Mumbai,2026-01-01
523,Customer_523,customer523@gmail.com,Mumbai,2026-01-01
524,Customer_524,customer524@gmail.com,Chennai,2026-01-01
525,Customer_525,customer525@gmail.com,Pune,2026-01-01
526,Customer_526,customer526@gmail.com,Hyderabad,2026-01-01
527,Customer_527,customer527@gmail.com,Mumbai,2026-01-01
528,Customer_528,customer528@gmail.com,Nashik,2026-01-01
529,Customer_529,customer529@gmail.com,Delhi,2026-01-01
530,Customer_530,customer530@gmail.com,Hyderabad,2026-01-01
531,Customer_531,customer531@gmail.com,Hyderabad,2026-01-01
532,Customer_532,customer532@gmail.com,Pune,2026-01-01
533,Customer_533,customer533@gmail.com,Bengaluru,2026-01-01
534,Customer_534,customer534@gmail.com,Pune,2026-01-01
535,Customer_535,customer535@gmail.com,Mumbai,2026-01-01
536,Customer_536,customer536@gmail.com,Delhi,2026-01-01
537,Customer_537,customer537@gmail.com,Delhi,2026-01-01
538,Customer_538,customer538@gmail.com,Nashik,2026-01-01
539,Customer_539,customer539@gmail.com,Nashik,2026-01-01
540,Customer_540,customer540@gmail.com,Mumbai,2026-01-01
541,Customer_541,customer541@gmail.com,Delhi,2026-01-01
542,Customer_542,customer542@gmail.com,Pune,2026-01-01
543,Customer_543,customer543@gmail.com,Chennai,2026-01-01
544,Customer_544,customer544@gmail.com,Pune,2026-01-01
545,Customer_545,customer545@gmail.com,Chennai,2026-01-01
546,Customer_546,customer546@gmail.com,Mumbai,2026-01-01
547,Customer_547,customer547@gmail.com,Delhi,2026-01-01
548,Customer_548,customer548@gmail.com,Nashik,2026-01-01
549,Customer_549,customer549@gmail.com,Hyderabad,2026-01-01
550,Customer_550,customer550@gmail.com,Nashik,2026-01-01
551,Customer_551,customer551@gmail.com,Bengaluru,2026-01-01
552,Customer_552,customer552@gmail.com,Hyderabad,2026-01-01
553,Customer_553,customer553@gmail.com,Chennai,2026-01-01
554,Customer_554,customer554@gmail.com,Pune,2026-01-01
555,Customer_555,customer555@gmail.com,Pune,2026-01-01
556,Customer_556,customer556@gmail.com,Nashik,2026-01-01
557,Customer_557,customer557@gmail.com,Pune,2026-01-01
558,Customer_558,customer558@gmail.com,Nashik,2026-01-01
559,Customer_559,customer559@gmail.com,Nashik,2026-01-01
560,Customer_560,customer560@gmail.com,Pune,2026-01-01
561,Customer_561,customer561@gmail.com,Bengaluru,2026-01-01
562,Customer_562,customer562@gmail.com,Mumbai,2026-01-01
563,Customer_563,customer563@gmail.com,Pune,2026-01-01
564,Customer_564,customer564@gmail.com,Chennai,2026-01-01
565,Customer_565,customer565@gmail.com,Delhi,2026-01-01
566,Customer_566,customer566@gmail.com,Nashik,2026-01-01
567,Customer_567,customer567@gmail.com,Bengaluru,2026-01-01
568,Customer_568,customer568@gmail.com,Nashik,2026-01-01
569,Customer_569,customer569@gmail.com,Chennai,2026-01-01
570,Customer_570,customer570@gmail.com,Nashik,2026-01-01
571,Customer_571,customer571@gmail.com,Chennai,2026-01-01
572,Customer_572,customer572@gmail.com,Nashik,2026-01-01
573,Customer_573,customer573@gmail.com,Pune,2026-01-01
574,Customer_574,customer574@gmail.com,Delhi,2026-01-01
575,Customer_575,customer575@gmail.com,Pune,2026-01-01
576,Customer_576,customer576@gmail.com,Nashik,2026-01-01
577,Customer_577,customer577@gmail.com,Chennai,2026-01-01
578,Customer_578,customer578@gmail.com,Mumbai,2026-01-01
579,Customer_579,customer579@gmail.com,Bengaluru,2026-01-01
580,Customer_580,customer580@gmail.com,Nashik,2026-01-01
581,Customer_581,customer581@gmail.com,Mumbai,2026-01-01
582,Customer_582,customer582gmail.com,Nashik,2026-01-01
583,Customer_583,customer583@gmail.com,Bengaluru,2026-01-01
584,Customer_584,customer584@gmail.com,Pune,2026-01-01
585,Customer_585,customer585@gmail.com,Pune,2026-01-01
586,Customer_586,customer586@gmail.com,Nashik,2026-01-01
587,Customer_587,customer587@gmail.com,Bengaluru,2026-01-01
588,Customer_588,customer588@gmail.com,Delhi,2026-01-01
589,Customer_589,customer589@gmail.com,Delhi,2026-01-01
590,Customer_590,customer590@gmail.com,Nashik,2026-01-01
591,Customer_591,customer591@gmail.com,Nashik,2026-01-01
592,Customer_592,customer592@gmail.com,Nashik,2026-01-01
593,Customer_593,customer593@gmail.com,Pune,2026-01-01
594,Customer_594,customer594@gmail.com,Pune,2026-01-01
595,Customer_595,customer595@gmail.com,Mumbai,2026-01-01
596,Customer_596,customer596@gmail.com,Chennai,2026-01-01
597,Customer_597,customer597@gmail.com,Pune,2026-01-01
598,Customer_598,customer598@gmail.com,Bengaluru,2026-01-01
599,Customer_599,customer599@gmail.com,Delhi,2026-01-01
600,Customer_600,customer600@gmail.com,Delhi,2026-01-01
601,Customer_601,customer601@gmail.com,Nashik,2026-01-01
602,Customer_602,customer602@gmail.com,Mumbai,2026-01-01
603,Customer_603,customer603@gmail.com,Nashik,2026-01-01
604,Customer_604,customer604@gmail.com,Delhi,2026-01-01
605,Customer_605,customer605@gmail.com,Delhi,2026-01-01
606,Customer_606,customer606@gmail.com,Chennai,2026-01-01
607,Customer_607,customer607@gmail.com,Hyderabad,2026-01-01
608,Customer_608,customer608@gmail.com,Bengaluru,2026-01-01
609,Customer_609,customer609@gmail.com,Chennai,2026-01-01
610,Customer_610,customer610@gmail.com,Nashik,2026-01-01
611,Customer_611,customer611@gmail.com,Hyderabad,2026-01-01
612,Customer_612,customer612@gmail.com,Delhi,2026-01-01
613,Customer_613,customer613@gmail.com,Mumbai,2026-01-01
614,Customer_614,customer614@gmail.com,Mumbai,2026-01-01
615,Customer_615,customer615@gmail.com,Delhi,2026-01-01
616,Customer_616,customer616@gmail.com,Pune,2026-01-01
617,Customer_617,customer617@gmail.com,Hyderabad,2026-01-01
618,Customer_618,customer618@gmail.com,Delhi,2026-01-01
619,Customer_619,customer619@gmail.com,Mumbai,2026-01-01
620,Customer_620,customer620@gmail.com,Mumbai,2026-01-01
621,Customer_621,customer621@gmail.com,Hyderabad,2026-01-01
622,Customer_622,customer622@gmail.com,Bengaluru,2026-01-01
623,Customer_623,customer623@gmail.com,Delhi,2026-01-01
624,Customer_624,customer624@gmail.com,Chennai,2026-01-01
625,Customer_625,customer625@gmail.com,Nashik,2026-01-01
626,Customer_626,customer626@gmail.com,Delhi,2026-01-01
627,Customer_627,customer627@gmail.com,Bengaluru,2026-01-01
628,Customer_628,customer628@gmail.com,Hyderabad,2026-01-01
629,Customer_629,customer629@gmail.com,Hyderabad,2026-01-01
630,Customer_630,customer630@gmail.com,Mumbai,2026-01-01
631,Customer_631,customer631@gmail.com,Bengaluru,2026-01-01
632,Customer_632,customer632@gmail.com,Hyderabad,2026-01-01
633,Customer_633,customer633@gmail.com,Pune,2026-01-01
634,Customer_634,customer634@gmail.com,Delhi,2026-01-01
635,Customer_635,customer635@gmail.com,Mumbai,2026-01-01
636,Customer_636,customer636@gmail.com,Chennai,2026-01-01
637,Customer_637,customer637@gmail.com,Bengaluru,2026-01-01
638,Customer_638,customer638@gmail.com,Mumbai,2026-01-01
639,Customer_639,customer639@gmail.com,Hyderabad,2026-01-01
640,Customer_640,customer640@gmail.com,Nashik,2026-01-01
641,Customer_641,customer641@gmail.com,Hyderabad,2026-01-01
642,Customer_642,customer642@gmail.com,Chennai,2026-01-01
643,Customer_643,customer643@gmail.com,Chennai,2026-01-01
644,Customer_644,customer644@gmail.com,Chennai,2026-01-01
645,Customer_645,customer645@gmail.com,Chennai,2026-01-01
646,Customer_646,customer646@gmail.com,Chennai,2026-01-01
647,Customer_647,customer647@gmail.com,Pune,2026-01-01
648,Customer_648,customer648@gmail.com,Delhi,2026-01-01
649,Customer_649,customer649@gmail.com,Bengaluru,2026-01-01
650,Customer_650,customer650@gmail.com,Mumbai,2026-01-01
651,Customer_651,customer651@gmail.com,Chennai,2026-01-01
652,Customer_652,customer652@gmail.com,Delhi,2026-01-01
653,Customer_653,customer653@gmail.com,Hyderabad,2026-01-01
654,Customer_654,customer654@gmail.com,Delhi,2026-01-01
655,Customer_655,customer655@gmail.com,Chennai,2026-01-01
656,Customer_656,customer656@gmail.com,Nashik,2026-01-01
657,Customer_657,customer657@gmail.com,Mumbai,2026-01-01
658,Customer_658,customer658@gmail.com,Chennai,2026-01-01
659,Customer_659,customer659@gmail.com,Delhi,2026-01-01
660,Customer_660,customer660@gmail.com,Hyderabad,2026-01-01
661,Customer_661,customer661@gmail.com,Delhi,2026-01-01
662,Customer_662,customer662@gmail.com,Chennai,2026-01-01
663,Customer_663,customer663@gmail.com,Bengaluru,2026-01-01
664,Customer_664,customer664@gmail.com,Delhi,2026-01-01
665,Customer_665,customer665@gmail.com,Bengaluru,2026-01-01
666,Customer_666,customer666@gmail.com,Chennai,2026-01-01
667,Customer_667,customer667@gmail.com,Delhi,2026-01-01
668,Customer_668,customer668@gmail.com,Hyderabad,2026-01-01
669,Customer_669,customer669@gmail.com,Pune,2026-01-01
670,Customer_670,customer670@gmail.com,Pune,2026-01-01
671,Customer_671,customer671@gmail.com,Bengaluru,2026-01-01
672,Customer_672,customer672@gmail.com,Chennai,2026-01-01
673,Customer_673,customer673@gmail.com,Bengaluru,2026-01-01
674,Customer_674,customer674@gmail.com,Chennai,2026-01-01
675,Customer_675,customer675@gmail.com,Chennai,2026-01-01
676,Customer_676,customer676@gmail.com,Pune,2026-01-01
677,Customer_677,customer677@gmail.com,Hyderabad,2026-01-01
678,Customer_678,customer678@gmail.com,Hyderabad,2026-01-01
679,Customer_679,customer679gmail.com,Delhi,2026-01-01
680,Customer_680,customer680@gmail.com,Bengaluru,2026-01-01
681,Customer_681,customer681@gmail.com,Hyderabad,2026-01-01
682,Customer_682,customer682@gmail.com,Nashik,2026-01-01
683,Customer_683,customer683@gmail.com,Mumbai,2026-01-01
684,Customer_684,customer684@gmail.com,Delhi,2026-01-01
685,Customer_685,customer685@gmail.com,Delhi,2026-01-01
686,Customer_686,customer686@gmail.com,Pune,2026-01-01
687,Customer_687,customer687@gmail.com,Bengaluru,2026-01-01
688,Customer_688,customer688@gmail.com,Nashik,2026-01-01
689,Customer_689,customer689@gmail.com,Hyderabad,2026-01-01
690,Customer_690,customer690@gmail.com,Hyderabad,2026-01-01
691,Customer_691,customer691@gmail.com,Chennai,2026-01-01
692,Customer_692,customer692@gmail.com,Delhi,2026-01-01
693,Customer_693,customer693@gmail.com,Bengaluru,2026-01-01
694,Customer_694,customer694@gmail.com,Bengaluru,2026-01-01
695,Customer_695,customer695@gmail.com,Bengaluru,2026-01-01
696,Customer_696,customer696@gmail.com,Chennai,2026-01-01
697,Customer_697,customer697@gmail.com,Pune,2026-01-01
698,Customer_698,customer698@gmail.com,Hyderabad,2026-01-01
699,Customer_699,customer699@gmail.com,Bengaluru,2026-01-01
700,Customer_700,customer700@gmail.com,Nashik,2026-01-01
701,Customer_701,customer701@gmail.com,Nashik,2026-01-01
702,Customer_702,customer702@gmail.com,Chennai,2026-01-01
703,Customer_703,customer703@gmail.com,Pune,2026-01-01
704,Customer_704,customer704@gmail.com,Chennai,2026-01-01
705,Customer_705,customer705@gmail.com,Mumbai,2026-01-01
706,Customer_706,customer706@gmail.com,Delhi,2026-01-01
707,Customer_707,customer707@gmail.com,Hyderabad,2026-01-01
708,Customer_708,customer708@gmail.com,Chennai,2026-01-01
709,Customer_709,customer709@gmail.com,Chennai,2026-01-01
710,Customer_710,customer710@gmail.com,Hyderabad,2026-01-01
711,Customer_711,customer711@gmail.com,Delhi,2026-01-01
712,Customer_712,customer712@gmail.com,Mumbai,2026-01-01
713,Customer_713,customer713@gmail.com,Nashik,2026-01-01
714,Customer_714,customer714@gmail.com,Nashik,2026-01-01
715,Customer_715,customer715@gmail.com,Pune,2026-01-01
716,Customer_716,customer716@gmail.com,Chennai,2026-01-01
717,Customer_717,customer717@gmail.com,Delhi,2026-01-01
718,Customer_718,customer718@gmail.com,Pune,2026-01-01
719,Customer_719,customer719@gmail.com,Nashik,2026-01-01
720,Customer_720,customer720@gmail.com,Pune,2026-01-01
721,Customer_721,customer721@gmail.com,Pune,2026-01-01
722,Customer_722,customer722@gmail.com,Mumbai,2026-01-01
723,Customer_723,customer723@gmail.com,Mumbai,2026-01-01
724,Customer_724,customer724@gmail.com,Pune,2026-01-01
725,Customer_725,customer725@gmail.com,Bengaluru,2026-01-01
726,Customer_726,customer726@gmail.com,Hyderabad,2026-01-01
727,Customer_727,customer727@gmail.com,Nashik,2026-01-01
728,Customer_728,customer728@gmail.com,Nashik,2026-01-01
729,Customer_729,customer729@gmail.com,Mumbai,2026-01-01
730,Customer_730,customer730@gmail.com,Bengaluru,2026-01-01
731,Customer_731,customer731@gmail.com,Bengaluru,2026-01-01
732,Customer_732,customer732@gmail.com,Chennai,2026-01-01
733,Customer_733,customer733@gmail.com,Hyderabad,2026-01-01
734,Customer_734,customer734@gmail.com,Pune,2026-01-01
735,Customer_735,customer735@gmail.com,Chennai,2026-01-01
736,Customer_736,customer736@gmail.com,Chennai,2026-01-01
737,Customer_737,customer737@gmail.com,Bengaluru,2026-01-01
738,Customer_738,customer738@gmail.com,Bengaluru,2026-01-01
739,Customer_739,customer739@gmail.com,Bengaluru,2026-01-01
740,Customer_740,customer740@gmail.com,Pune,2026-01-01
741,Customer_741,customer741@gmail.com,Pune,2026-01-01
742,Customer_742,customer742@gmail.com,Chennai,2026-01-01
743,Customer_743,customer743@gmail.com,Chennai,2026-01-01
744,Customer_744,customer744@gmail.com,Mumbai,2026-01-01
745,Customer_745,customer745@gmail.com,Nashik,2026-01-01
746,Customer_746,customer746@gmail.com,Nashik,2026-01-01
747,Customer_747,customer747@gmail.com,Nashik,2026-01-01
748,Customer_748,customer748@gmail.com,Mumbai,2026-01-01
749,Customer_749,customer749@gmail.com,Nashik,2026-01-01
750,Customer_750,customer750@gmail.com,Bengaluru,2026-01-01
751,Customer_751,customer751@gmail.com,Pune,2026-01-01
752,Customer_752,customer752@gmail.com,Pune,2026-01-01
753,Customer_753,customer753@gmail.com,Nashik,2026-01-01
754,Customer_754,customer754@gmail.com,Chennai,2026-01-01
755,Customer_755,customer755@gmail.com,Hyderabad,2026-01-01
756,Customer_756,customer756@gmail.com,Bengaluru,2026-01-01
757,Customer_757,customer757@gmail.com,Mumbai,2026-01-01
758,Customer_758,customer758@gmail.com,Hyderabad,2026-01-01
759,Customer_759,customer759@gmail.com,Pune,2026-01-01
760,Customer_760,customer760@gmail.com,Nashik,2026-01-01
761,Customer_761,customer761@gmail.com,Mumbai,2026-01-01
762,Customer_762,customer762@gmail.com,Bengaluru,2026-01-01
763,Customer_763,customer763@gmail.com,Pune,2026-01-01
764,Customer_764,customer764@gmail.com,Nashik,2026-01-01
765,Customer_765,customer765@gmail.com,Bengaluru,2026-01-01
766,Customer_766,customer766@gmail.com,Chennai,2026-01-01
767,Customer_767,customer767@gmail.com,Hyderabad,2026-01-01
768,Customer_768,customer768@gmail.com,Hyderabad,2026-01-01
769,Customer_769,customer769@gmail.com,Hyderabad,2026-01-01
770,Customer_770,customer770@gmail.com,Delhi,2026-01-01
771,Customer_771,customer771@gmail.com,Nashik,2026-01-01
772,Customer_772,customer772@gmail.com,Bengaluru,2026-01-01
773,Customer_773,customer773@gmail.com,Hyderabad,2026-01-01
774,Customer_774,customer774@gmail.com,Nashik,2026-01-01
775,Customer_775,customer775@gmail.com,Chennai,2026-01-01
776,Customer_776,customer776gmail.com,Hyderabad,2026-01-01
777,Customer_777,customer777@gmail.com,Bengaluru,2026-01-01
778,Customer_778,customer778@gmail.com,Nashik,2026-01-01
779,Customer_779,customer779@gmail.com,Hyderabad,2026-01-01
780,Customer_780,customer780@gmail.com,Bengaluru,2026-01-01
781,Customer_781,customer781@gmail.com,Pune,2026-01-01
782,Customer_782,customer782@gmail.com,Chennai,2026-01-01
783,Customer_783,customer783@gmail.com,Nashik,2026-01-01
784,Customer_784,customer784@gmail.com,Bengaluru,2026-01-01
785,Customer_785,customer785@gmail.com,Bengaluru,2026-01-01
786,Customer_786,customer786@gmail.com,Delhi,2026-01-01
787,Customer_787,customer787@gmail.com,Nashik,2026-01-01
788,Customer_788,customer788@gmail.com,Pune,2026-01-01
789,Customer_789,customer789@gmail.com,Nashik,2026-01-01
790,Customer_790,customer790@gmail.com,Chennai,2026-01-01
791,Customer_791,customer791@gmail.com,Delhi,2026-01-01
792,Customer_792,customer792@gmail.com,Nashik,2026-01-01
793,Customer_793,customer793@gmail.com,Nashik,2026-01-01
794,Customer_794,customer794@gmail.com,Hyderabad,2026-01-01
795,Customer_795,customer795@gmail.com,Bengaluru,2026-01-01
796,Customer_796,customer796@gmail.com,Chennai,2026-01-01
797,Customer_797,customer797@gmail.com,Pune,2026-01-01
798,Customer_798,customer798@gmail.com,Delhi,2026-01-01
799,Customer_799,customer799@gmail.com,Bengaluru,2026-01-01
800,Customer_800,customer800@gmail.com,Mumbai,2026-01-01
801,Customer_801,customer801@gmail.com,Chennai,2026-01-01
802,Customer_802,customer802@gmail.com,Delhi,2026-01-01
803,Customer_803,customer803@gmail.com,Pune,2026-01-01
804,Customer_804,customer804@gmail.com,Delhi,2026-01-01
805,Customer_805,customer805@gmail.com,Delhi,2026-01-01
806,Customer_806,customer806@gmail.com,Delhi,2026-01-01
807,Customer_807,customer807@gmail.com,Hyderabad,2026-01-01
808,Customer_808,customer808@gmail.com,Mumbai,2026-01-01
809,Customer_809,customer809@gmail.com,Pune,2026-01-01
810,Customer_810,customer810@gmail.com,Pune,2026-01-01
811,Customer_811,customer811@gmail.com,Pune,2026-01-01
812,Customer_812,customer812@gmail.com,Bengaluru,2026-01-01
813,Customer_813,customer813@gmail.com,Chennai,2026-01-01
814,Customer_814,customer814@gmail.com,Pune,2026-01-01
815,Customer_815,customer815@gmail.com,Chennai,2026-01-01
816,Customer_816,customer816@gmail.com,Pune,2026-01-01
817,Customer_817,customer817@gmail.com,Mumbai,2026-01-01
818,Customer_818,customer818@gmail.com,Bengaluru,2026-01-01
819,Customer_819,customer819@gmail.com,Bengaluru,2026-01-01
820,Customer_820,customer820@gmail.com,Delhi,2026-01-01
821,Customer_821,customer821@gmail.com,Hyderabad,2026-01-01
822,Customer_822,customer822@gmail.com,Bengaluru,2026-01-01
823,Customer_823,customer823@gmail.com,Bengaluru,2026-01-01
824,Customer_824,customer824@gmail.com,Mumbai,2026-01-01
825,Customer_825,customer825@gmail.com,Pune,2026-01-01
826,Customer_826,customer826@gmail.com,Nashik,2026-01-01
827,Customer_827,customer827@gmail.com,Bengaluru,2026-01-01
828,Customer_828,customer828@gmail.com,Bengaluru,2026-01-01
829,Customer_829,customer829@gmail.com,Nashik,2026-01-01
830,Customer_830,customer830@gmail.com,Hyderabad,2026-01-01
831,Customer_831,customer831@gmail.com,Chennai,2026-01-01
832,Customer_832,customer832@gmail.com,Mumbai,2026-01-01
833,Customer_833,customer833@gmail.com,Nashik,2026-01-01
834,Customer_834,customer834@gmail.com,Nashik,2026-01-01
835,Customer_835,customer835@gmail.com,Hyderabad,2026-01-01
836,Customer_836,customer836@gmail.com,Bengaluru,2026-01-01
837,Customer_837,customer837@gmail.com,Bengaluru,2026-01-01
838,Customer_838,customer838@gmail.com,Mumbai,2026-01-01
839,Customer_839,customer839@gmail.com,Delhi,2026-01-01
840,Customer_840,customer840@gmail.com,Delhi,2026-01-01
841,Customer_841,customer841@gmail.com,Nashik,2026-01-01
842,Customer_842,customer842@gmail.com,Bengaluru,2026-01-01
843,Customer_843,customer843@gmail.com,Nashik,2026-01-01
844,Customer_844,customer844@gmail.com,Nashik,2026-01-01
845,Customer_845,customer845@gmail.com,Bengaluru,2026-01-01
846,Customer_846,customer846@gmail.com,Hyderabad,2026-01-01
847,Customer_847,customer847@gmail.com,Chennai,2026-01-01
848,Customer_848,customer848@gmail.com,Chennai,2026-01-01
849,Customer_849,customer849@gmail.com,Hyderabad,2026-01-01
850,Customer_850,customer850@gmail.com,Nashik,2026-01-01
851,Customer_851,customer851@gmail.com,Hyderabad,2026-01-01
852,Customer_852,customer852@gmail.com,Pune,2026-01-01
853,Customer_853,customer853@gmail.com,Bengaluru,2026-01-01
854,Customer_854,customer854@gmail.com,Pune,2026-01-01
855,Customer_855,customer855@gmail.com,Delhi,2026-01-01
856,Customer_856,customer856@gmail.com,Bengaluru,2026-01-01
857,Customer_857,customer857@gmail.com,Bengaluru,2026-01-01
858,Customer_858,customer858@gmail.com,Mumbai,2026-01-01
859,Customer_859,customer859@gmail.com,Bengaluru,2026-01-01
860,Customer_860,customer860@gmail.com,Delhi,2026-01-01
861,Customer_861,customer861@gmail.com,Chennai,2026-01-01
862,Customer_862,customer862@gmail.com,Chennai,2026-01-01
863,Customer_863,customer863@gmail.com,Nashik,2026-01-01
864,Customer_864,customer864@gmail.com,Bengaluru,2026-01-01
865,Customer_865,customer865@gmail.com,Chennai,2026-01-01
866,Customer_866,customer866@gmail.com,Pune,2026-01-01
867,Customer_867,customer867@gmail.com,Nashik,2026-01-01
868,Customer_868,customer868@gmail.com,Bengaluru,2026-01-01
869,Customer_869,customer869@gmail.com,Pune,2026-01-01
870,Customer_870,customer870@gmail.com,Hyderabad,2026-01-01
871,Customer_871,customer871@gmail.com,Hyderabad,2026-01-01
872,Customer_872,customer872@gmail.com,Mumbai,2026-01-01
873,Customer_873,customer873gmail.com,Bengaluru,2026-01-01
874,Customer_874,customer874@gmail.com,Hyderabad,2026-01-01
875,Customer_875,customer875@gmail.com,Hyderabad,2026-01-01
876,Customer_876,customer876@gmail.com,Chennai,2026-01-01
877,Customer_877,customer877@gmail.com,Mumbai,2026-01-01
878,Customer_878,customer878@gmail.com,Mumbai,2026-01-01
879,Customer_879,customer879@gmail.com,Chennai,2026-01-01
880,Customer_880,customer880@gmail.com,Bengaluru,2026-01-01
881,Customer_881,customer881@gmail.com,Pune,2026-01-01
882,Customer_882,customer882@gmail.com,Nashik,2026-01-01
883,Customer_883,customer883@gmail.com,Bengaluru,2026-01-01
884,Customer_884,customer884@gmail.com,Pune,2026-01-01
885,Customer_885,customer885@gmail.com,Mumbai,2026-01-01
886,Customer_886,customer886@gmail.com,Delhi,2026-01-01
887,Customer_887,customer887@gmail.com,Bengaluru,2026-01-01
888,Customer_888,customer888@gmail.com,Delhi,2026-01-01
889,Customer_889,customer889@gmail.com,Pune,2026-01-01
890,Customer_890,customer890@gmail.com,Bengaluru,2026-01-01
891,Customer_891,customer891@gmail.com,Delhi,2026-01-01
892,Customer_892,customer892@gmail.com,Delhi,2026-01-01
893,Customer_893,customer893@gmail.com,Nashik,2026-01-01
894,Customer_894,customer894@gmail.com,Bengaluru,2026-01-01
895,Customer_895,customer895@gmail.com,Delhi,2026-01-01
896,Customer_896,customer896@gmail.com,Nashik,2026-01-01
897,Customer_897,customer897@gmail.com,Nashik,2026-01-01
898,Customer_898,customer898@gmail.com,Bengaluru,2026-01-01
899,Customer_899,customer899@gmail.com,Delhi,2026-01-01
900,Customer_900,customer900@gmail.com,Nashik,2026-01-01
901,Customer_901,customer901@gmail.com,Mumbai,2026-01-01
902,Customer_902,customer902@gmail.com,Bengaluru,2026-01-01
903,Customer_903,customer903@gmail.com,Mumbai,2026-01-01
904,Customer_904,customer904@gmail.com,Chennai,2026-01-01
905,Customer_905,customer905@gmail.com,Hyderabad,2026-01-01
906,Customer_906,customer906@gmail.com,Mumbai,2026-01-01
907,Customer_907,customer907@gmail.com,Delhi,2026-01-01
908,Customer_908,customer908@gmail.com,Pune,2026-01-01
909,Customer_909,customer909@gmail.com,Chennai,2026-01-01
910,Customer_910,customer910@gmail.com,Mumbai,2026-01-01
911,Customer_911,customer911@gmail.com,Nashik,2026-01-01
912,Customer_912,customer912@gmail.com,Chennai,2026-01-01
913,Customer_913,customer913@gmail.com,Mumbai,2026-01-01
914,Customer_914,customer914@gmail.com,Nashik,2026-01-01
915,Customer_915,customer915@gmail.com,Mumbai,2026-01-01
916,Customer_916,customer916@gmail.com,Pune,2026-01-01
917,Customer_917,customer917@gmail.com,Pune,2026-01-01
918,Customer_918,customer918@gmail.com,Nashik,2026-01-01
919,Customer_919,customer919@gmail.com,Mumbai,2026-01-01
920,Customer_920,customer920@gmail.com,Hyderabad,2026-01-01
921,Customer_921,customer921@gmail.com,Pune,2026-01-01
922,Customer_922,customer922@gmail.com,Pune,2026-01-01
923,Customer_923,customer923@gmail.com,Pune,2026-01-01
924,Customer_924,customer924@gmail.com,Bengaluru,2026-01-01
925,Customer_925,customer925@gmail.com,Chennai,2026-01-01
926,Customer_926,customer926@gmail.com,Mumbai,2026-01-01
927,Customer_927,customer927@gmail.com,Hyderabad,2026-01-01
928,Customer_928,customer928@gmail.com,Pune,2026-01-01
929,Customer_929,customer929@gmail.com,Bengaluru,2026-01-01
930,Customer_930,customer930@gmail.com,Chennai,2026-01-01
931,Customer_931,customer931@gmail.com,Delhi,2026-01-01
932,Customer_932,customer932@gmail.com,Nashik,2026-01-01
933,Customer_933,customer933@gmail.com,Delhi,2026-01-01
934,Customer_934,customer934@gmail.com,Pune,2026-01-01
935,Customer_935,customer935@gmail.com,Hyderabad,2026-01-01
936,Customer_936,customer936@gmail.com,Hyderabad,2026-01-01
937,Customer_937,customer937@gmail.com,Chennai,2026-01-01
938,Customer_938,customer938@gmail.com,Chennai,2026-01-01
939,Customer_939,customer939@gmail.com,Mumbai,2026-01-01
940,Customer_940,customer940@gmail.com,Nashik,2026-01-01
941,Customer_941,customer941@gmail.com,Nashik,2026-01-01
942,Customer_942,customer942@gmail.com,Pune,2026-01-01
943,Customer_943,customer943@gmail.com,Delhi,2026-01-01
944,Customer_944,customer944@gmail.com,Mumbai,2026-01-01
945,Customer_945,customer945@gmail.com,Hyderabad,2026-01-01
946,Customer_946,customer946@gmail.com,Mumbai,2026-01-01
947,Customer_947,customer947@gmail.com,Delhi,2026-01-01
948,Customer_948,customer948@gmail.com,Hyderabad,2026-01-01
949,Customer_949,customer949@gmail.com,Chennai,2026-01-01
950,Customer_950,customer950@gmail.com,Bengaluru,2026-01-01
951,Customer_951,customer951@gmail.com,Bengaluru,2026-01-01
952,Customer_952,customer952@gmail.com,Chennai,2026-01-01
953,Customer_953,customer953@gmail.com,Pune,2026-01-01
954,Customer_954,customer954@gmail.com,Mumbai,2026-01-01
955,Customer_955,customer955@gmail.com,Hyderabad,2026-01-01
956,Customer_956,customer956@gmail.com,Chennai,2026-01-01
957,Customer_957,customer957@gmail.com,Nashik,2026-01-01
958,Customer_958,customer958@gmail.com,Chennai,2026-01-01
959,Customer_959,customer959@gmail.com,Pune,2026-01-01
960,Customer_960,customer960@gmail.com,Mumbai,2026-01-01
961,Customer_961,customer961@gmail.com,Chennai,2026-01-01
962,Customer_962,customer962@gmail.com,Nashik,2026-01-01
963,Customer_963,customer963@gmail.com,Delhi,2026-01-01
964,Customer_964,customer964@gmail.com,Nashik,2026-01-01
965,Customer_965,customer965@gmail.com,Chennai,2026-01-01
966,Customer_966,customer966@gmail.com,Hyderabad,2026-01-01
967,Customer_967,customer967@gmail.com,Nashik,2026-01-01
968,Customer_968,customer968@gmail.com,Mumbai,2026-01-01
969,Customer_969,customer969@gmail.com,Nashik,2026-01-01
970,Customer_970,customer970gmail.com,Hyderabad,2026-01-01
971,Customer_971,customer971@gmail.com,Nashik,2026-01-01
972,Customer_972,customer972@gmail.com,Mumbai,2026-01-01
973,Customer_973,customer973@gmail.com,Delhi,2026-01-01
974,Customer_974,customer974@gmail.com,Hyderabad,2026-01-01
975,Customer_975,customer975@gmail.com,Bengaluru,2026-01-01
976,Customer_976,customer976@gmail.com,Chennai,2026-01-01
977,Customer_977,customer977@gmail.com,Delhi,2026-01-01
978,Customer_978,customer978@gmail.com,Mumbai,2026-01-01
979,Customer_979,customer979@gmail.com,Hyderabad,2026-01-01
980,Customer_980,customer980@gmail.com,Chennai,2026-01-01
981,Customer_981,customer981@gmail.com,Delhi,2026-01-01
982,Customer_982,customer982@gmail.com,Mumbai,2026-01-01
983,Customer_983,customer983@gmail.com,Nashik,2026-01-01
984,Customer_984,customer984@gmail.com,Bengaluru,2026-01-01
985,Customer_985,customer985@gmail.com,Nashik,2026-01-01
986,Customer_986,customer986@gmail.com,Bengaluru,2026-01-01
987,Customer_987,customer987@gmail.com,Mumbai,2026-01-01
988,Customer_988,customer988@gmail.com,Bengaluru,2026-01-01
989,Customer_989,customer989@gmail.com,Delhi,2026-01-01
990,Customer_990,customer990@gmail.com,Chennai,2026-01-01
991,Customer_991,customer991@gmail.com,Nashik,2026-01-01
992,Customer_992,customer992@gmail.com,Bengaluru,2026-01-01
993,Customer_993,customer993@gmail.com,Chennai,2026-01-01
994,Customer_994,customer994@gmail.com,Pune,2026-01-01
995,Customer_995,customer995@gmail.com,Bengaluru,2026-01-01
996,Customer_996,customer996@gmail.com,Pune,2026-01-01
997,Customer_997,customer997@gmail.com,Chennai,2026-01-01
998,Customer_998,customer998@gmail.com,Hyderabad,2026-01-01
999,Customer_999,customer999@gmail.com,Chennai,2026-01-01
1000,Customer_1000,customer1000@gmail.com,Delhi,2026-01-01
